{
  "camera_id": "cam1",
  "camera_matrix": [
    [
      465.70633553941514,
      0.0,
      664.8098920134286
    ],
    [
      0.0,
      465.8525960476772,
      358.9518974092463
    ],
    [
      0.0,
      0.0,
      1.0
    ]
  ],
  "distortion_coefficients": [
    0.5211588394840011,
    0.5711661156567502,
    0.00012813177047058178,
    -4.293528277080941e-05,
    -0.04332794673225774,
    0.45265116166456254,
    0.6156588709882284,
    -0.032613666963714254,
    0.0,
    0.0,
    0.0,
    0.0,
    0.0,
    0.0
  ],
  "distortion_model": "opencv_rational",
  "image_size": {
    "height": 720,
    "width": 1280
  },
  "new_camera_matrix": [
    [
      436.2987348546687,
      0.0,
      670.2508665593167
    ],
    [
      0.0,
      432.9517529623526,
      359.2155751899918
    ],
    [
      0.0,
      0.0,
      1.0
    ]
  ],
  "roi": {
    "height": 658,
    "width": 1238,
    "x": 22,
    "y": 31
  },
  "schema_version": "calibration.camera_intrinsics.v1"
}
