{
  "camera_id": "cam2",
  "camera_matrix": [
    [
      466.60095726377193,
      0.0,
      621.4303964340696
    ],
    [
      0.0,
      466.4514729183274,
      331.71444691902883
    ],
    [
      0.0,
      0.0,
      1.0
    ]
  ],
  "distortion_coefficients": [
    0.23798664575428338,
    0.12871806696675878,
    -0.00014992522448193965,
    0.00011945936517433545,
    -0.0894254674747681,
    0.1672333293417318,
    0.20951893676146957,
    -0.10686774385475284,
    0.0,
    0.0,
    0.0,
    0.0,
    0.0,
    0.0
  ],
  "distortion_model": "opencv_rational",
  "image_size": {
    "height": 720,
    "width": 1280
  },
  "new_camera_matrix": [
    [
      408.32365854251697,
      0.0,
      587.6494142126364
    ],
    [
      0.0,
      406.62385022893676,
      313.03895889944795
    ],
    [
      0.0,
      0.0,
      1.0
    ]
  ],
  "roi": {
    "height": 618,
    "width": 1157,
    "x": 28,
    "y": 28
  },
  "schema_version": "calibration.camera_intrinsics.v1"
}
