{
  "image_size": {
    "height": 720,
    "width": 1280
  },
  "left_camera_id": "cam1",
  "left_roi": {
    "height": 688,
    "width": 1259,
    "x": 0,
    "y": 0
  },
  "p1": [
    [
      466.1520344830023,
      0.0,
      641.6735076904297,
      0.0
    ],
    [
      0.0,
      466.1520344830023,
      337.316650390625,
      0.0
    ],
    [
      0.0,
      0.0,
      1.0,
      0.0
    ]
  ],
  "p2": [
    [
      466.1520344830023,
      0.0,
      641.6735076904297,
      -76.90991296847268
    ],
    [
      0.0,
      466.1520344830023,
      337.316650390625,
      0.0
    ],
    [
      0.0,
      0.0,
      1.0,
      0.0
    ]
  ],
  "q": [
    [
      1.0,
      0.0,
      0.0,
      -641.6735076904297
    ],
    [
      0.0,
      1.0,
      0.0,
      -337.316650390625
    ],
    [
      0.0,
      0.0,
      0.0,
      466.1520344830023
    ],
    [
      0.0,
      0.0,
      6.0610136780949135,
      -0.0
    ]
  ],
  "r1": [
    [
      0.9998628764616194,
      0.013134243988722505,
      -0.010085628822291585
    ],
    [
      -0.013155696119510613,
      0.9999113306605908,
      -0.0020636075639076357
    ],
    [
      0.010057630611005031,
      0.0021960080626969277,
      0.9999470094035389
    ]
  ],
  "r2": [
    [
      0.9999942532863823,
      0.003389981476882448,
      -3.768019636920389e-05
    ],
    [
      -0.0033898935332654654,
      0.9999919859400846,
      0.0021299477549029697
    ],
    [
      4.4900377833684106e-05,
      -0.0021298077828491592,
      0.9999977309488078
    ]
  ],
  "right_camera_id": "cam2",
  "right_roi": {
    "height": 707,
    "width": 1276,
    "x": 4,
    "y": 13
  },
  "schema_version": "calibration.rectification.v1"
}
