{
  "baseline_m": 0.1649889033601914,
  "essential_matrix": [
    [
      -5.5277224275034795e-06,
      -8.635623158068618e-06,
      -0.0005592498918588669
    ],
    [
      0.0016547613051623464,
      0.0007136775509335811,
      0.16497811319824318
    ],
    [
      0.00217407338048609,
      -0.16497312785184787,
      0.0006918706988459453
    ]
  ],
  "fundamental_matrix": [
    [
      -2.4994350428942314e-09,
      -3.903488785207005e-09,
      -0.00011470149361733354
    ],
    [
      7.484626638714334e-07,
      3.2270110041053444e-07,
      0.03413805705543189
    ],
    [
      0.0002119633111204909,
      -0.034899718768520875,
      1.0
    ]
  ],
  "left_camera_id": "cam1",
  "right_camera_id": "cam2",
  "rotation_left_to_right": [
    [
      0.9999021785366271,
      0.00974467415793248,
      -0.010033677454601368
    ],
    [
      -0.009787494878300928,
      0.9999431650800483,
      -0.0042274760439886625
    ],
    [
      0.0099919118147873,
      0.004325267072793055,
      0.9999407251247618
    ]
  ],
  "schema_version": "calibration.stereo_extrinsics.v1",
  "source_method_id": "stereo.opencv_extrinsics",
  "source_metrics": {
    "accepted_pairs": 38,
    "baseline_m": 0.1649889033601914,
    "epipolar_rms_px": 0.2567744520215293,
    "matched_point_count_min": 104,
    "rectification_y_p95_px": 0.4296203553676605,
    "stereo_rms_px": 0.21213797585745228
  },
  "translation_left_to_right_m": [
    -0.16498795521621368,
    -0.0005593093262828309,
    6.216814277733252e-06
  ]
}
